{"cameraMode":{"drawMode":0,"name":"Shaded","section":"Shading Mode"},"sceneLighting":false,"audioPlay":false,"sceneViewState":{"showFog":true,"showMaterialUpdate":false,"showSkybox":true,"showFlares":true,"showImageEffects":true,"showParticleSystems":true},"in2DMode":false,"pivot":{"x":355.00750732421877,"y":294.8769226074219,"z":0.0},"rotation":{"x":0.21327689290046693,"y":-0.7471367120742798,"z":0.2835722267627716,"w":0.5621181130409241},"size":252.69027709960938,"orthographic":false}