{"cameraMode":{"drawMode":0,"name":"Shaded","section":"Shading Mode"},"sceneLighting":false,"audioPlay":false,"sceneViewState":{"showFog":true,"showMaterialUpdate":false,"showSkybox":false,"showFlares":true,"showImageEffects":true,"showParticleSystems":true},"in2DMode":false,"pivot":{"x":4.5526347160339359,"y":0.3107900321483612,"z":-1.6865284442901612},"rotation":{"x":-0.501733660697937,"y":0.06836294382810593,"z":-0.039856016635894778,"w":-0.8614353537559509},"size":0.75,"orthographic":false}